keyword_set_id,n_positive,embed_cohesion,embed_dispersion,embed_course_sim_mean,embed_course_sim_p90,last_month_searches_mean,last_month_searches_std,last_month_searches_p90,competition_index_mean,competition_index_std,competition_index_p90,bid_low_mean,bid_low_std,bid_low_p90,num_unique_keywords,n_broad,n_phrase,n_exact,share_broad,share_phrase,share_exact,broad_last_month_searches_mean,broad_last_month_searches_std,broad_last_month_searches_p90,broad_competition_index_mean,broad_competition_index_std,broad_competition_index_p90,broad_bid_low_mean,broad_bid_low_std,broad_bid_low_p90,phrase_last_month_searches_mean,phrase_last_month_searches_std,phrase_last_month_searches_p90,phrase_competition_index_mean,phrase_competition_index_std,phrase_competition_index_p90,phrase_bid_low_mean,phrase_bid_low_std,phrase_bid_low_p90,exact_last_month_searches_mean,exact_last_month_searches_std,exact_last_month_searches_p90,exact_competition_index_mean,exact_competition_index_std,exact_competition_index_p90,exact_bid_low_mean,exact_bid_low_std,exact_bid_low_p90,embed_cohesion_broad,embed_dispersion_broad,embed_course_sim_mean_broad,embed_course_sim_p90_broad,embed_cohesion_phrase,embed_dispersion_phrase,embed_course_sim_mean_phrase,embed_course_sim_p90_phrase,embed_cohesion_exact,embed_dispersion_exact,embed_course_sim_mean_exact,embed_course_sim_p90_exact
ks_0001,8,0.490798150130706,0.25538709293829825,0.597161398481538,0.8861044281375947,10710.0,25838.686941428405,29954.000000000025,42.142857142857146,15.2074095796243,58.80000000000001,0.6213155714285714,0.46115374616587074,1.0316654000000005,8,8,0,0,1.0,0.0,0.0,10710.0,25838.686941428405,29954.000000000025,42.142857142857146,15.2074095796243,58.80000000000001,0.6213155714285714,0.46115374616587074,1.0316654000000005,,,,,,,,,,,,,,,,,,,0.490798150130706,0.25538709293829825,0.597161398481538,0.8861044281375947,,,,,,,,
ks_0002,7,0.44907191393372514,0.2735181170686675,0.5680788929697709,0.8885244095227199,12491.666666666666,27508.00514799687,37295.0,42.833333333333336,16.323976911960585,61.0,0.659652,0.4876666910715418,1.148992,7,7,0,0,1.0,0.0,0.0,12491.666666666666,27508.00514799687,37295.0,42.833333333333336,16.323976911960585,61.0,0.659652,0.4876666910715418,1.148992,,,,,,,,,,,,,,,,,,,0.44907191393372514,0.2735181170686675,0.5680788929697709,0.8885244095227199,,,,,,,,
ks_0003,7,0.47266087876557833,0.25973312991837627,0.5534638414312619,0.8319811558312329,12466.666666666666,27519.257903431106,37295.0,43.666666666666664,15.92342788332825,61.0,0.6558833333333335,0.48963462166009286,1.148992,7,7,0,0,1.0,0.0,0.0,12466.666666666666,27519.257903431106,37295.0,43.666666666666664,15.92342788332825,61.0,0.6558833333333335,0.48963462166009286,1.148992,,,,,,,,,,,,,,,,,,,0.47266087876557833,0.25973312991837627,0.5534638414312619,0.8319811558312329,,,,,,,,
ks_0004,36,0.4103486286250426,0.3467559159210461,0.5622042147545353,0.874958029026925,7132.068965517241,18839.719483106437,16279.999999999995,39.58620689655172,19.268550831072055,62.199999999999996,0.8265820357142858,0.5797315835729794,1.5735155000000003,36,0,27,29,0.0,0.48214285714285715,0.5178571428571429,,,,,,,,,,8763.333333333334,21450.47859013947,14800.0,36.285714285714285,21.3388598283861,67.0,0.725033,0.4737951763200956,1.438469,7716.538461538462,19797.61037295385,18500.0,41.88461538461539,18.265829642925578,64.0,0.83714568,0.5850931897612701,1.6429910000000003,,,,,0.3727855888903128,0.37070217522743093,0.5036089079849372,0.8678971810863284,0.442394171123169,0.3205723303217187,0.592527600742362,0.9009479932959651
ks_0005,36,0.41399067774412346,0.34405128670593343,0.565570476945124,0.8898670295040811,7379.285714285715,19126.915950448212,17020.000000000007,39.107142857142854,19.43917121564138,62.800000000000004,0.801491,0.5752466922153197,1.5826466000000006,36,0,29,28,0.0,0.5087719298245614,0.49122807017543857,,,,,,,,,,8975.652173913044,20762.895799140675,20720.000000000004,37.52173913043478,21.00904477106983,65.80000000000001,0.7515474782608697,0.5318761564228265,1.4722226,8340.0,20483.02427214627,19979.999999999993,40.916666666666664,18.688045792847245,65.19999999999999,0.8080833043478262,0.5932289796340052,1.6761938000000003,,,,,0.3828681239516335,0.36427322419983676,0.5270564171698533,0.8570809929638306,0.4308183945474157,0.3283257418759286,0.596339233782132,0.9009772024309761
ks_0006,28,0.4775014355581885,0.2956122526814092,0.6299571982460641,0.9009772024309761,8608.260869565218,20881.231775297314,20720.000000000004,42.73913043478261,18.154451822706925,65.80000000000001,0.7874762272727271,0.5914072405839952,1.7059094000000006,28,0,17,22,0.0,0.4358974358974359,0.5641025641025641,,,,,,,,,,12337.142857142857,25503.754465504382,56240.00000000006,37.642857142857146,20.80387032280684,66.60000000000002,0.7864871428571428,0.5588794991127792,1.6464782000000002,6498.9473684210525,16943.15663584279,16279.999999999995,42.473684210526315,17.67355568744216,62.199999999999996,0.7584056666666666,0.6058981010481694,1.5861317000000004,,,,,0.46002408976260284,0.2987244631397055,0.625760011075858,0.901006411565987,0.4892496945574567,0.28413296099716545,0.6422038997173575,0.8989479481366693
ks_0007,37,0.4202188072761254,0.3397814231329787,0.570762059868797,0.8876625203997087,7132.068965517241,18839.719483106437,16279.999999999995,39.58620689655172,19.268550831072055,62.199999999999996,0.8265820357142858,0.5797315835729794,1.5735155000000003,37,0,30,30,0.0,0.5,0.5,,,,,,,,,,8606.25,20402.793071150005,19979.999999999993,38.083333333333336,20.742301115246484,65.19999999999999,0.8125112916666666,0.5971486911971394,1.6591357999999998,7630.740740740741,19432.454130278482,17760.000000000015,41.81481481481482,17.927915408424717,63.40000000000001,0.8618962692307692,0.5869260076990152,1.6198325,,,,,0.38484956205565574,0.36332537615157995,0.5428212054863641,0.9009187841609542,0.4105612259818845,0.34409666480912765,0.5724949575800328,0.9009187841609542
ks_0008,28,0.4661505966600593,0.3034250601852305,0.6133725913088944,0.9009772024309761,9105.90909090909,21228.748873143897,21460.000000000015,43.54545454545455,18.284934863849163,66.4,0.855814,0.6045434768486759,1.735625,28,0,17,20,0.0,0.4594594594594595,0.5405405405405406,,,,,,,,,,15134.615384615385,25955.240352868008,63640.00000000004,39.46153846153846,22.176270702003094,69.80000000000001,0.6879019999999999,0.5066585330440095,1.4347992,11084.444444444445,23005.99444159964,37740.00000000004,44.833333333333336,19.224550276491083,68.5,0.9310428235294118,0.6463168266215458,1.8136462,,,,,0.4440787149970018,0.30950744605418035,0.5988686844808966,0.901006411565987,0.41090028626727787,0.3364072996539318,0.5737214759599263,0.8810782022216024
ks_0009,8,0.490798150130706,0.25538709293829825,0.597161398481538,0.8861044281375947,10710.0,25838.686941428405,29954.000000000025,42.142857142857146,15.2074095796243,58.80000000000001,0.6213155714285714,0.46115374616587074,1.0316654000000005,8,8,0,0,1.0,0.0,0.0,10710.0,25838.686941428405,29954.000000000025,42.142857142857146,15.2074095796243,58.80000000000001,0.6213155714285714,0.46115374616587074,1.0316654000000005,,,,,,,,,,,,,,,,,,,0.490798150130706,0.25538709293829825,0.597161398481538,0.8861044281375947,,,,,,,,
ks_0010,37,0.4202188072761254,0.3397814231329787,0.570762059868797,0.8876625203997087,7132.068965517241,18839.719483106437,16279.999999999995,39.58620689655172,19.268550831072055,62.199999999999996,0.8265820357142858,0.5797315835729794,1.5735155000000003,37,0,31,32,0.0,0.49206349206349204,0.5079365079365079,,,,,,,,,,8602.916666666666,20404.187372360335,19979.999999999993,37.916666666666664,20.6537257871041,65.19999999999999,0.7436646250000001,0.5220481534314956,1.4680034,7375.357142857143,19128.376729378277,17020.000000000007,40.964285714285715,18.15111594927655,62.800000000000004,0.8436473703703704,0.5834227633893159,1.5966740000000006,,,,,0.3863669481215076,0.36269194050525405,0.5333069939280521,0.8490264830279066,0.4122846069743754,0.34376017112254326,0.5648017432836112,0.8986850659215708
ks_0011,13,0.47762508611933097,0.2804113871099543,0.6224442098141038,0.8982043350632207,6936.363636363636,21210.280214482304,1300.0,48.72727272727273,14.728395018966282,72.0,0.9313855,0.6134382368278407,1.7835303999999998,13,0,0,13,0.0,0.0,1.0,,,,,,,,,,,,,,,,,,,6936.363636363636,21210.280214482304,1300.0,48.72727272727273,14.728395018966282,72.0,0.9313855,0.6134382368278407,1.7835303999999998,,,,,,,,,0.47762508611933097,0.2804113871099543,0.6224442098141038,0.8982043350632207
ks_0012,37,0.44857360589578127,0.31920853269794097,0.5907941196057463,0.9007837445310127,6910.0,18561.99881478285,15540.000000000011,40.96666666666667,17.60394526487994,61.60000000000001,0.8087091379310345,0.5520131629597328,1.5316537999999997,37,4,28,19,0.0784313725490196,0.5490196078431373,0.37254901960784315,350.0,240.0,542.0,35.0,15.0,47.0,0.37256449999999997,0.0681745,0.4271041,9753.333333333334,21567.958892617786,22200.0,38.857142857142854,20.36403392137767,67.0,0.786233761904762,0.5440166855676313,1.480661,4869.375,17852.93689731118,1090.0,47.4375,12.956507776017425,62.5,0.8125112,0.5439951143059039,1.5635953999999999,0.5733166002267311,0.17538648436470605,0.6538470992304793,0.8302542817723837,0.4155855940924454,0.3393506700531281,0.5686853014598344,0.8854580112953363,0.5272720100755557,0.25693039989755406,0.6451229227051583,0.9011794122608748
ks_0013,11,0.4532082237097035,0.29083389321866004,0.6151339143640701,0.8410667348841399,11684.444444444445,23108.244373484788,32560.000000000007,41.22222222222222,18.6891399111164,55.4,0.6481407777777778,0.41152715080370733,1.2101742,11,0,8,4,0.0,0.6666666666666666,0.3333333333333333,,,,,,,,,,17508.333333333332,26443.01572354325,48100.0,37.5,21.85368008673444,57.5,0.5383446666666666,0.43055503681320717,1.0721185,107.5,124.57427503300993,245.00000000000006,48.5,2.692582403567252,51.5,0.9771875,0.29098781196855994,1.2697847,,,,,0.44794041877011753,0.28100913328303345,0.6434481865131163,0.8591012143317137,0.5786002731838716,0.17298717973283537,0.6018369870682938,0.7775019633658171
ks_0014,12,0.5937578902682626,0.2077807125479779,0.7058373009799094,0.8887516941740078,10892.222222222223,22835.64989600339,26640.00000000001,37.0,19.072959334559958,53.0,0.960817,0.5358615741593159,1.4581403,12,0,6,10,0.0,0.375,0.625,,,,,,,,,,16578.0,28871.00164524951,47640.00000000001,33.4,22.861321046693696,53.0,0.7512372,0.5796056372077139,1.4643144,13928.57142857143,25079.258606364303,38480.00000000002,32.42857142857143,19.330635514326868,50.0,0.9879115,0.49992425924225425,1.4215974999999998,,,,,0.6363105747442452,0.1651793731873486,0.7597235664912119,0.8955170808412407,0.5782785728791399,0.21231305990917293,0.6822536071331459,0.8810782022216024
ks_0015,20,0.5150847376112053,0.26560875500236514,0.6623021388577863,0.8909854124133911,10142.941176470587,21339.03155768952,33080.000000000015,36.0,20.462303935601707,53.0,1.025155625,0.5933332244795999,1.717359,20,0,15,13,0.0,0.5357142857142857,0.4642857142857143,,,,,,,,,,13240.76923076923,23551.591637064645,51360.00000000003,34.0,21.831522727821454,53.0,0.9755193333333333,0.5621045385573062,1.4974829,7973.636363636364,21023.588601519732,8100.0,35.0,20.551487448932654,53.0,0.8703183999999998,0.6170666809634433,1.4857212999999996,,,,,0.49979234951758233,0.2698359593797091,0.6494234706313676,0.8854492907767448,0.5780256485541487,0.2186644676911072,0.7161455104526993,0.8989158321621279
ks_0016,37,0.4233751093040415,0.3374597628762365,0.5733092903471142,0.9007837445310127,7156.896551724138,18830.974685607434,16279.999999999995,39.89655172413793,19.312930861322453,62.199999999999996,0.8187927142857143,0.5593732933730937,1.5571502000000002,37,4,30,17,0.0784313725490196,0.5882352941176471,0.3333333333333333,350.0,240.0,542.0,35.0,15.0,47.0,0.37256449999999997,0.0681745,0.4271041,8975.652173913044,20762.895799140675,20720.000000000004,37.52173913043478,21.00904477106983,65.80000000000001,0.7515474782608697,0.5318761564228265,1.4722226,5560.0,18985.36541655177,1174.0000000000005,49.0,13.114877048604,66.30000000000003,0.8688831538461538,0.5631723146545476,1.6496102000000004,0.5733166002267311,0.17538648436470605,0.6538470992304793,0.8302542817723837,0.3946354163292058,0.35593926079630445,0.5387826860635988,0.8810489930865915,0.5092315204193945,0.2664468291180903,0.6419519986913129,0.901645633654024
ks_0017,14,0.3736610723537754,0.353161869410627,0.5361096045753759,0.8466385585847765,15534.166666666666,26842.325861200796,68820.00000000001,42.416666666666664,18.62551267005078,60.300000000000004,0.6752644999999999,0.5248420902826392,1.46315,14,0,9,5,0.0,0.6428571428571429,0.35714285714285715,,,,,,,,,,23021.25,30207.375935977954,74000.0,39.75,22.314513214497868,64.3,0.6902511250000001,0.5793518504536853,1.5571502,560.0,470.90338711884414,1087.0,47.75,1.479019945774904,49.4,0.64529125,0.39208791408966875,1.0825934000000002,,,,,0.3353381230213162,0.36032082831755813,0.5139112242055897,0.8530897211825225,0.4244172007118384,0.26547038142223195,0.5760666892409911,0.824800042766078
ks_0018,4,0.5403499080533448,0.1905171829875638,0.6605020955850868,0.8689618143255289,38200.0,35800.0,66840.0,25.0,17.0,38.6,1.412423,0.007697000000000065,1.4185806,4,0,3,1,0.0,0.75,0.25,,,,,,,,,,38200.0,35800.0,66840.0,25.0,17.0,38.6,1.412423,0.007697000000000065,1.4185806,,,,,,,,,,,,,,0.43163016091515227,0.21190941260419893,0.5877212994527093,0.7972028331589311,,,0.8788444839822189,0.8788444839822189
ks_0019,16,0.5633796728240485,0.23145042887852146,0.7101264866516422,0.8955170808412407,8559.166666666666,20209.823707928666,14130.000000000002,34.166666666666664,20.21894051515943,53.0,0.9704744166666667,0.6063371123699063,1.4974829,16,0,10,10,0.0,0.5,0.5,,,,,,,,,,14600.0,24750.649053538546,38480.00000000002,26.714285714285715,21.325466236499533,51.2,0.7779135714285715,0.5316793212948295,1.4182232,1516.6666666666667,2678.009210838031,5140.000000000001,36.666666666666664,20.45591465675501,53.0,0.9325725555555553,0.6391268154858907,1.6461678000000002,,,,,0.5183745996112586,0.24731338549923237,0.6937706682920586,0.8909854124133911,0.5966646594832601,0.20187833412860057,0.7539533975087195,0.911063506404965
ks_0020,19,0.5275444725402711,0.2567567336790719,0.6455466729912056,0.9011794122608748,5190.666666666667,18393.591081920047,1131.9999999999998,48.266666666666666,12.96388144894199,64.39999999999999,0.8347698571428571,0.5564502431928736,1.6066028000000003,19,4,0,19,0.17391304347826086,0.0,0.8260869565217391,350.0,240.0,542.0,35.0,15.0,47.0,0.37256449999999997,0.0681745,0.4271041,,,,,,,,,,5190.666666666667,18393.591081920047,1131.9999999999998,48.266666666666666,12.96388144894199,64.39999999999999,0.8347698571428571,0.5564502431928736,1.6066028000000003,0.5733166002267311,0.17538648436470605,0.6538470992304793,0.8302542817723837,,,,,0.5275444725402711,0.2567567336790719,0.6455466729912056,0.9011794122608748
ks_0021,15,0.5248248171717372,0.25400860414336585,0.6512823448355004,0.902111855047173,6480.0,20361.56100761105,1258.0000000000002,46.666666666666664,11.592622174852801,52.8,0.9044280833333332,0.5719865072711444,1.6926176000000002,15,0,0,15,0.0,0.0,1.0,,,,,,,,,,,,,,,,,,,6480.0,20361.56100761105,1258.0000000000002,46.666666666666664,11.592622174852801,52.8,0.9044280833333332,0.5719865072711444,1.6926176000000002,,,,,,,,,0.5248248171717372,0.25400860414336585,0.6512823448355004,0.902111855047173
ks_0022,7,0.4042100521922912,0.30048380870939984,0.5984369468389833,0.9094159164828144,12510.0,27499.88787855931,37295.0,52.333333333333336,8.9566858950296,61.5,1.2181556666666666,0.6499385924525656,1.975152,7,0,0,7,0.0,0.0,1.0,,,,,,,,,,,,,,,,,,,12510.0,27499.88787855931,37295.0,52.333333333333336,8.9566858950296,61.5,1.2181556666666666,0.6499385924525656,1.975152,,,,,,,,,0.4042100521922912,0.30048380870939984,0.5984369468389833,0.9094159164828144
ks_0023,12,0.5995108208070343,0.20445935423039274,0.7605798127908828,0.9000487492690903,12265.0,23868.223645675855,32559.99999999999,34.375,19.098020185349057,51.6,1.142690375,0.7245179906737889,2.0158783,12,0,7,9,0.0,0.4375,0.5625,,,,,,,,,,16281.666666666666,26363.826490519587,44400.0,29.333333333333332,19.593082679580792,51.5,0.9368821666666668,0.679409700091537,1.6845735,16275.0,26367.95134881232,44400.0,30.833333333333332,20.68346091822052,52.0,1.1335833333333334,0.7118278098254441,1.826574,,,,,0.5569053962455778,0.21246928608988375,0.6991070277370272,0.8943841637342783,0.5716051456838798,0.21310447075888622,0.7673920116343491,0.9209453464338774
ks_0024,12,0.6250832517210785,0.18986031199796471,0.7788555894025867,0.9000487492690903,11222.5,23921.49491043568,27869.99999999999,33.75,22.359282188836026,53.0,0.9127496249999999,0.6490086161500356,1.6477118999999998,12,0,9,8,0.0,0.5294117647058824,0.47058823529411764,,,,,,,,,,14933.333333333334,26606.439487880038,41050.0,27.666666666666668,22.76449477195183,51.5,0.7054680000000001,0.48536781360668463,1.3551384999999998,13810.0,27072.43493543448,41050.0,35.5,21.313141485947114,52.0,1.0619764999999999,0.6766355914662756,1.8097024999999998,,,,,0.5960319803535054,0.19942688287191326,0.746165578129856,0.8921183295203535,0.6436081644947821,0.17044762435921196,0.7875311387001471,0.9308271864627897
ks_0025,20,0.5104144700925912,0.2686356950284634,0.6673669502537833,0.8909854124133911,11334.666666666666,22445.622844752805,42219.999999999985,34.666666666666664,21.3843140850692,53.0,0.9988246666666666,0.6036727809181246,1.7600227999999998,20,0,14,12,0.0,0.5384615384615384,0.46153846153846156,,,,,,,,,,16951.0,25711.42253940843,61849.99999999999,31.0,23.979157616563597,54.3,0.8355433999999999,0.4985586923087792,1.4450261,7981.0,22042.554502597923,11359.999999999975,37.2,18.36736235827017,53.0,1.0450814,0.6445396577758734,1.9590780999999997,,,,,0.4610820547732138,0.29319295863965056,0.6310394356601929,0.8776046916228721,0.5750357727039109,0.2186873491934516,0.714541913540228,0.8887516941740078
synthetic_A_Broad_allowlist_n10_1,10,0.5087022927446639,0.25311844080289164,0.6395349997511124,0.9013679295217946,10383.75,24185.286817350338,27869.99999999999,37.25,19.233759382918358,56.599999999999994,0.5665321249999999,0.45506978851667285,0.9143387999999999,10,10,0,0,1.0,0.0,0.0,10383.75,24185.286817350338,27869.99999999999,37.25,19.233759382918358,56.599999999999994,0.5665321249999999,0.45506978851667285,0.9143387999999999,,,,,,,,,,,,,,,,,,,0.5087022927446639,0.25311844080289164,0.6395349997511124,0.9013679295217946,,,,,,,,
synthetic_A_Broad_allowlist_n20_3,20,0.49133826313722057,0.2811318966744166,0.6629670758308734,0.9013679295217946,10578.823529411764,23464.582041464597,38480.00000000002,36.35294117647059,18.84594253872728,53.0,0.9679279999999999,0.6517981323649757,1.8136462,20,20,0,0,1.0,0.0,0.0,10578.823529411764,23464.582041464597,38480.00000000002,36.35294117647059,18.84594253872728,53.0,0.9679279999999999,0.6517981323649757,1.8136462,,,,,,,,,,,,,,,,,,,0.49133826313722057,0.2811318966744166,0.6629670758308734,0.9013679295217946,,,,,,,,
synthetic_A_Broad_allowlist_n40_5,40,0.4507591407595725,0.3184648488601486,0.58285827915037,0.8909385648625584,10718.787878787878,22719.103396411196,52020.00000000003,36.90625,20.936450533399878,57.60000000000001,0.8402805312499999,0.5390465058452161,1.4974829000000003,40,40,0,0,1.0,0.0,0.0,10718.787878787878,22719.103396411196,52020.00000000003,36.90625,20.936450533399878,57.60000000000001,0.8402805312499999,0.5390465058452161,1.4974829000000003,,,,,,,,,,,,,,,,,,,0.4507591407595725,0.3184648488601486,0.58285827915037,0.8909385648625584,,,,,,,,
synthetic_A_Broad_top_conv_n10_2,10,0.5843289700198486,0.2088640616074368,0.7293567148794227,0.8810782022216024,1991.4285714285713,2872.5370994566983,5880.000000000002,31.0,20.368042194996132,51.2,0.8739535714285713,0.6402868512027262,1.6746952000000002,10,10,0,0,1.0,0.0,0.0,1991.4285714285713,2872.5370994566983,5880.000000000002,31.0,20.368042194996132,51.2,0.8739535714285713,0.6402868512027262,1.6746952000000002,,,,,,,,,,,,,,,,,,,0.5843289700198486,0.2088640616074368,0.7293567148794227,0.8810782022216024,,,,,,,,
synthetic_A_Broad_top_conv_n20_4,20,0.49676906122375375,0.2775523491898385,0.663472933116626,0.8909854124133911,7489.333333333333,18236.725753879786,12119.999999999998,31.714285714285715,19.814960334586203,52.400000000000006,1.0092329285714283,0.6439599405195353,1.8026866000000004,20,20,0,0,1.0,0.0,0.0,7489.333333333333,18236.725753879786,12119.999999999998,31.714285714285715,19.814960334586203,52.400000000000006,1.0092329285714283,0.6439599405195353,1.8026866000000004,,,,,,,,,,,,,,,,,,,0.49676906122375375,0.2775523491898385,0.663472933116626,0.8909854124133911,,,,,,,,
synthetic_A_Broad_top_conv_n40_6,40,0.43653728243493706,0.32871477718281256,0.5718724954731634,0.87994528511464,10715.757575757576,22720.516830216242,52020.00000000003,38.25,21.99573822357413,64.30000000000001,0.841169125,0.5383659265524443,1.4974829000000003,40,40,0,0,1.0,0.0,0.0,10715.757575757576,22720.516830216242,52020.00000000003,38.25,21.99573822357413,64.30000000000001,0.841169125,0.5383659265524443,1.4974829000000003,,,,,,,,,,,,,,,,,,,0.43653728243493706,0.32871477718281256,0.5718724954731634,0.87994528511464,,,,,,,,
synthetic_A_Phrase; Exact_allowlist_n10_13,11,0.501191311817237,0.26071821597173817,0.7049241067416536,0.9011816663760527,11616.666666666666,22537.50010784495,26640.00000000001,30.0,19.843834754849624,51.4,1.3167266666666666,0.604566014565453,1.9874782,11,0,10,10,0.0,0.5,0.5,,,,,,,,,,13055.0,23511.955469505298,32559.99999999999,27.375,19.518821045339802,49.5,1.204482625,0.5457096757493717,1.6320313999999998,13042.5,23518.80670335976,32559.99999999999,27.125,19.199202457393902,48.9,1.2933124999999999,0.6373802361285217,2.0158783,,,,,0.5028377700825529,0.25666024385022235,0.6754165107493014,0.8810782022216024,0.4882310190890441,0.26555604898762314,0.6996506129037166,0.911063506404965
synthetic_A_Phrase; Exact_allowlist_n20_18,24,0.46286994817593574,0.30340085630217356,0.6221135720411911,0.8865500919091658,10337.777777777777,22830.403596850003,32560.000000000044,31.11111111111111,19.358859266464165,51.6,0.9351676666666666,0.6061482704509406,1.6320314000000002,24,0,20,20,0.0,0.5,0.5,,,,,,,,,,13278.57142857143,25124.326816039942,56240.00000000006,28.928571428571427,19.6485705976443,52.1,0.8706889285714287,0.5763773502493786,1.4843687,11204.375,24048.82168858539,44400.0,31.4375,18.590887384683928,50.5,0.9158666874999999,0.6233115902988167,1.6845735,,,,,0.4941500140637144,0.27927639600254023,0.6381490579349071,0.87994528511464,0.47818499783394064,0.28987624462997763,0.6388815210229473,0.8909854124133911
synthetic_A_Phrase; Exact_allowlist_n40_23,46,0.4396371628879448,0.32782519855815473,0.5861082093135305,0.8952828430870772,9306.578947368422,21568.14430642365,33690.00000000016,38.2972972972973,20.429000140717903,62.99999999999999,0.801039,0.5356534859621884,1.4923505000000001,46,0,40,40,0.0,0.5,0.5,,,,,,,,,,11018.4375,23104.73559540541,56670.00000000008,37.12903225806452,21.968807704714006,66.0,0.8173097333333335,0.5731381697953779,1.5271985000000003,8687.575757575758,21168.762296207868,20720.000000000004,38.6875,19.85641820042074,60.20000000000002,0.8081346774193549,0.553102083360829,1.50404,,,,,0.42064599174348677,0.34035627650330796,0.5774306329502286,0.8909562032783802,0.4644304474338957,0.3087549737996911,0.6204022684527255,0.9007308292835475
synthetic_A_Phrase; Exact_composite_n10_17,12,0.4170069209936947,0.3176586795626482,0.6606321051498752,0.9028580346877293,17262.727272727272,27461.446724423447,74000.0,25.727272727272727,24.698512686508472,61.0,0.6800034545454546,0.5933539594513645,1.404726,12,0,10,10,0.0,0.5,0.5,,,,,,,,,,12864.444444444445,22627.425400317057,32560.000000000007,24.88888888888889,25.278205124592763,64.0,0.4289592222222222,0.21733166569185233,0.6875356,20362.222222222223,29436.030747586192,74000.0,29.77777777777778,25.546375162645237,64.0,0.6805468888888889,0.6559752315074173,1.5667166000000001,,,,,0.40783789929928127,0.3165864287505067,0.6325180036511678,0.9013679295217946,0.44103321289865827,0.295067455987892,0.7033409932210717,0.9127398747166416
synthetic_A_Phrase; Exact_composite_n20_22,26,0.35081196922138547,0.3869904245162875,0.5607120812105627,0.901035620700998,12546.95652173913,24391.1866539825,63640.00000000004,33.95652173913044,22.53784886318928,59.60000000000001,0.8477664347826088,0.611771062523273,1.6846322000000002,26,0,20,20,0.0,0.5,0.5,,,,,,,,,,11567.64705882353,23424.787657876623,42920.000000000015,29.235294117647058,22.920654471111487,56.800000000000004,0.6954697647058824,0.5147123239820507,1.4351,14526.315789473685,26379.85399794526,74000.0,35.89473684210526,21.992569886075295,63.19999999999999,0.8493869473684209,0.6466633421915654,1.7746355999999999,,,,,0.38367296836634546,0.35619155026767435,0.5950153326027544,0.9009187841609542,0.3746569120572175,0.3628782954151677,0.6033399361985137,0.9013679295217946
synthetic_A_Phrase; Exact_dispersion_n10_16,14,0.2553296045581371,0.4445539206290248,0.3948798571610198,0.5467414086693824,14750.90909090909,27985.132239213755,74000.0,38.90909090909091,22.585009289971506,72.0,0.7304465454545455,0.5189698010676999,1.480661,14,0,10,10,0.0,0.5,0.5,,,,,,,,,,22742.85714285714,32473.18221648913,74000.0,37.142857142857146,27.497680792743083,73.6,0.7666909999999999,0.5536933834159222,1.5826466000000001,17284.444444444445,30347.447672694216,74000.0,38.0,24.83724801359621,72.8,0.6828206666666667,0.5028779133330695,1.4832210000000001,,,,,0.21869344476283634,0.4551843428411194,0.3832770267354797,0.5558864839329999,0.2236168879814552,0.4511328036927222,0.4113889274362168,0.5417190938911082
synthetic_A_Phrase; Exact_dispersion_n20_21,27,0.32322793483264195,0.409835983073606,0.47785056154179767,0.8649958709408614,12105.0,23970.56997653581,58459.99999999996,34.625,23.16752846118895,65.19999999999999,0.8032418333333333,0.5517727707478163,1.4680034,27,0,20,20,0.0,0.5,0.5,,,,,,,,,,12564.117647058823,23189.051691242144,42920.000000000015,33.470588235294116,25.674701778573496,69.0,0.6569692941176469,0.48243578183578145,1.4553458,14603.157894736842,26339.833163487056,74000.0,37.578947368421055,22.903265199239684,68.0,0.8183343157894737,0.5824731939175671,1.4979001999999997,,,,,0.29223335781519205,0.42761753178203676,0.4373989721223378,0.6202276655503088,0.3264059912558719,0.3999285945057221,0.510415992986619,0.9009187841609542
synthetic_A_Phrase; Exact_semantic_n10_15,12,0.7562286435335702,0.11878327113170185,0.8787592062986627,0.9028580346877293,3613.3333333333335,7008.350574691437,10920.000000000004,39.666666666666664,17.068489485989478,54.6,0.885833,0.7267093439700175,1.9874782,12,0,10,10,0.0,0.5,0.5,,,,,,,,,,4504.285714285715,7715.95537486699,13740.000000000005,37.0,18.477785890862883,56.2,0.7050131428571429,0.6272699698119117,1.5556018000000003,1428.5714285714287,2734.1827118978017,3768.0000000000027,35.42857142857143,16.783130500230136,51.8,0.9339607142857143,0.7548054980566118,2.0442784,,,,,0.7801903920293084,0.10435980839145764,0.8644397218051051,0.9013679295217946,0.7700104528704541,0.10948924342171609,0.8915583358326475,0.9127398747166416
synthetic_A_Phrase; Exact_semantic_n20_20,24,0.6267832664417984,0.19854260021396827,0.770152063887647,0.9010940389710198,10663.333333333334,23007.02767030592,37740.00000000004,33.22222222222222,19.87615979999813,53.0,0.8154268823529411,0.6188729536146743,1.6746952000000002,24,0,20,20,0.0,0.5,0.5,,,,,,,,,,13632.857142857143,25314.84754294303,58460.00000000006,29.214285714285715,20.64384574993087,53.0,0.7368496153846154,0.5745515317067255,1.4841772000000002,12048.666666666666,24945.300657416195,53279.999999999985,35.86666666666667,17.97726959864101,53.0,0.8024197857142857,0.6481136039422607,1.7728924000000004,,,,,0.6098566285814775,0.20667547803511271,0.7515132509845887,0.9009187841609542,0.6723490261456736,0.17010146714388627,0.802270910789636,0.9013679295217946
synthetic_A_Phrase; Exact_top_conv_n10_14,19,0.5444175077002867,0.24607988910675022,0.6612641577545787,0.9008068859693911,6549.2307692307695,19583.33493306469,6656.0000000000055,41.07692307692308,17.69598623965567,52.6,0.8315983846153845,0.5935303929478692,1.6496102000000004,19,0,10,10,0.0,0.5,0.5,,,,,,,,,,13841.666666666666,27056.69382159534,41050.0,36.5,22.63294059551255,61.0,0.6136423333333333,0.5163797413934397,1.1695395,9511.25,24376.071995657956,22815.999999999985,48.375,13.237612133613826,58.699999999999996,1.10806875,0.6021293681335743,1.8793411999999998,,,,,0.4880293036377841,0.26567965214592004,0.5907274285679828,0.8514301932515318,0.5556143294292675,0.22536918697692415,0.68894745635752,0.9106418784474707
synthetic_A_Phrase; Exact_top_conv_n20_19,32,0.4554532602303297,0.3126352163175967,0.6128027259896918,0.8985263201791751,11102.8,23788.61618842088,53280.00000000007,38.16,21.331066546237203,64.60000000000001,0.8481055200000001,0.5815221550769064,1.6429910000000003,32,0,20,20,0.0,0.5,0.5,,,,,,,,,,12550.76923076923,26298.111210777814,60820.000000000044,35.84615384615385,24.6914689529249,71.0,0.6403076153846153,0.44859409927110283,1.267744,11195.0,22968.586821037894,37740.00000000004,37.833333333333336,20.413094925670737,55.400000000000006,0.977571388888889,0.6146015777677202,1.7941409000000001,,,,,0.43823648997880255,0.31712031405342234,0.6008509510588259,0.8810489930865915,0.4821308860338685,0.2872417368204353,0.6407646381195569,0.9007600384185585
synthetic_A_Phrase; Exact_top_conv_n40_24,46,0.4239280630274333,0.3393553405924056,0.5657362630568342,0.8843484896443239,9935.526315789473,21501.27691402346,33690.00000000016,38.37837837837838,21.821575427248604,65.4,0.8008429459459458,0.5262546670541434,1.4646974,46,0,40,40,0.0,0.5,0.5,,,,,,,,,,11015.9375,23008.05631449762,56260.00000000009,36.87096774193548,23.250032168529767,66.0,0.8733483870967741,0.5380548016090553,1.50404,11386.363636363636,22722.99420333373,52840.00000000003,37.78125,21.336199250042167,60.7,0.83138403125,0.5482801685262907,1.4974829000000003,,,,,0.40651158302972445,0.3508861475421409,0.5523486067807267,0.87994528511464,0.44665836877516124,0.32140445804999207,0.5813088400766367,0.87994528511464
synthetic_B_Broad_allowlist_n10_7,10,0.4941144207121394,0.2619600426538891,0.6440739907895517,0.9013679295217946,10407.5,24175.18911508243,27869.99999999999,37.5,19.254869513969705,56.599999999999994,0.75895475,0.6315341425563922,1.7941409,10,10,0,0,1.0,0.0,0.0,10407.5,24175.18911508243,27869.99999999999,37.5,19.254869513969705,56.599999999999994,0.75895475,0.6315341425563922,1.7941409,,,,,,,,,,,,,,,,,,,0.4941144207121394,0.2619600426538891,0.6440739907895517,0.9013679295217946,,,,,,,,
synthetic_B_Broad_allowlist_n20_9,20,0.46928893422823376,0.29585194204953336,0.6525994326200488,0.9013679295217946,10965.882352941177,23341.162594872534,38480.00000000002,34.35294117647059,20.312097746882095,53.0,0.9846229411764705,0.6403488901197415,1.8136462,20,20,0,0,1.0,0.0,0.0,10965.882352941177,23341.162594872534,38480.00000000002,34.35294117647059,20.312097746882095,53.0,0.9846229411764705,0.6403488901197415,1.8136462,,,,,,,,,,,,,,,,,,,0.46928893422823376,0.29585194204953336,0.6525994326200488,0.9013679295217946,,,,,,,,
synthetic_B_Broad_allowlist_n40_11,40,0.4507591407595725,0.3184648488601486,0.58285827915037,0.8909385648625584,10718.787878787878,22719.103396411196,52020.00000000003,36.90625,20.936450533399878,57.60000000000001,0.8402805312499999,0.5390465058452161,1.4974829000000003,40,40,0,0,1.0,0.0,0.0,10718.787878787878,22719.103396411196,52020.00000000003,36.90625,20.936450533399878,57.60000000000001,0.8402805312499999,0.5390465058452161,1.4974829000000003,,,,,,,,,,,,,,,,,,,0.4507591407595725,0.3184648488601486,0.58285827915037,0.8909385648625584,,,,,,,,
synthetic_B_Broad_top_conv_n10_8,10,0.4645258659277629,0.28022692511212477,0.6263296810055365,0.8810782022216024,10948.75,23985.43487071894,27869.99999999999,37.875,22.55236960942242,58.699999999999996,0.896282375,0.6586516729131069,1.7941409,10,10,0,0,1.0,0.0,0.0,10948.75,23985.43487071894,27869.99999999999,37.875,22.55236960942242,58.699999999999996,0.896282375,0.6586516729131069,1.7941409,,,,,,,,,,,,,,,,,,,0.4645258659277629,0.28022692511212477,0.6263296810055365,0.8810782022216024,,,,,,,,
synthetic_B_Broad_top_conv_n20_10,20,0.45874232782003527,0.3030027177760021,0.6308911769304199,0.8909854124133911,10965.882352941177,23341.162594872538,38480.00000000002,35.1764705882353,20.52325881162967,53.0,0.9957726470588234,0.6319091477132136,1.8136462,20,20,0,0,1.0,0.0,0.0,10965.882352941177,23341.162594872538,38480.00000000002,35.1764705882353,20.52325881162967,53.0,0.9957726470588234,0.6319091477132136,1.8136462,,,,,,,,,,,,,,,,,,,0.45874232782003527,0.3030027177760021,0.6308911769304199,0.8909854124133911,,,,,,,,
synthetic_B_Broad_top_conv_n40_12,40,0.43653728243493706,0.32871477718281256,0.5718724954731634,0.87994528511464,10715.757575757576,22720.516830216242,52020.00000000003,38.25,21.99573822357413,64.30000000000001,0.841169125,0.5383659265524443,1.4974829000000003,40,40,0,0,1.0,0.0,0.0,10715.757575757576,22720.516830216242,52020.00000000003,38.25,21.99573822357413,64.30000000000001,0.841169125,0.5383659265524443,1.4974829000000003,,,,,,,,,,,,,,,,,,,0.43653728243493706,0.32871477718281256,0.5718724954731634,0.87994528511464,,,,,,,,
synthetic_B_Phrase; Exact_allowlist_n10_25,11,0.501191311817237,0.26071821597173817,0.7049241067416536,0.9011816663760527,11616.666666666666,22537.50010784495,26640.00000000001,30.0,19.843834754849624,51.4,1.3167266666666666,0.604566014565453,1.9874782,11,0,10,10,0.0,0.5,0.5,,,,,,,,,,13042.5,23518.80670335976,32559.99999999999,27.125,19.199202457393902,48.9,1.2933124999999999,0.6373802361285217,2.0158783,3818.75,4915.662309140041,10109.999999999998,32.75,19.363302920731268,51.6,1.30572675,0.6403894055287278,2.0158783,,,,,0.4882310190890441,0.26555604898762314,0.6996506129037166,0.911063506404965,0.5060406896851097,0.2547237956870568,0.7151760015536541,0.911063506404965
synthetic_B_Phrase; Exact_allowlist_n20_30,24,0.45514364496196974,0.30873594546861344,0.6092210905871814,0.8865500919091658,9985.555555555555,22934.023057027018,32560.000000000044,33.888888888888886,18.849959884687312,53.0,0.9442551666666668,0.6034012769378683,1.6320314000000002,24,0,20,20,0.0,0.5,0.5,,,,,,,,,,12818.57142857143,25300.74303176062,56240.00000000006,32.357142857142854,19.189309311091286,52.400000000000006,0.9331327857142858,0.6527038158914893,1.7830153000000004,6220.0,17368.921535147703,10780.000000000002,35.411764705882355,18.288726271955603,53.0,0.9171686470588236,0.6101672807073136,1.6746952000000002,,,,,0.4763924655939751,0.291076278917923,0.634795131267303,0.8909854124133911,0.45066253904338127,0.3085309753215048,0.6185474286558127,0.8909854124133911
synthetic_B_Phrase; Exact_allowlist_n40_35,46,0.4333714314174487,0.33240023683601877,0.5853024499400388,0.8952828430870772,8331.578947368422,19885.881996282766,19330.00000000002,37.189189189189186,21.004295362304116,59.199999999999996,0.8206309166666667,0.5375622695329441,1.4923505000000001,46,0,40,40,0.0,0.5,0.5,,,,,,,,,,9861.875,21324.737753003552,21790.000000000007,35.32258064516129,22.38286657068115,61.0,0.8298545483870968,0.5683728228252796,1.50404,8597.058823529413,20860.030952745037,19979.999999999993,39.303030303030305,19.715376015265957,59.60000000000001,0.83970725,0.5536951616292918,1.5017021000000002,,,,,0.41379420773023484,0.34543957304487943,0.5730809287233924,0.8909562032783802,0.4388240694737997,0.3270561184351188,0.5998092314476876,0.9007308292835475
synthetic_B_Phrase; Exact_composite_n10_29,11,0.39389320021810786,0.3299299899422763,0.6525836893510193,0.9030442978334712,10961.0,22028.545321922644,27379.99999999998,27.2,25.52175542551883,62.49999999999999,0.5766019000000001,0.5778672091566452,0.8673600999999995,11,0,10,10,0.0,0.5,0.5,,,,,,,,,,9712.222222222223,22881.865589140805,21280.00000000001,23.444444444444443,24.139000766906058,56.00000000000001,0.626310888888889,0.5884930465286258,1.0170622000000002,12143.333333333334,22917.135752774844,32560.000000000007,30.11111111111111,25.278205124592755,64.0,0.6000223333333333,0.6046062641098657,1.0170622000000002,,,,,0.3684452667223369,0.34303672853896205,0.6337353847977073,0.9127398747166416,0.405972264811324,0.31781597913112397,0.6731794030329439,0.9127398747166416
synthetic_B_Phrase; Exact_composite_n20_34,24,0.3518691797164745,0.38447207166498903,0.5648396184551765,0.9010940389710198,12149.545454545454,25040.10464639634,68820.00000000012,35.22727272727273,22.15837994197438,60.30000000000001,0.8102630454545455,0.6165909568656501,1.7101286000000004,24,0,20,20,0.0,0.5,0.5,,,,,,,,,,10597.222222222223,23019.809538152993,37740.00000000004,33.0,22.29100466306732,56.10000000000001,0.7592746666666667,0.6187368685121504,1.6156661000000003,10145.263157894737,22489.594171157903,32559.999999999964,38.21052631578947,21.394979606313502,63.19999999999999,0.7433981578947367,0.5836753943869524,1.5316537999999997,,,,,0.37637355465062816,0.36159975178825315,0.6020965049796806,0.9013679295217946,0.3442224390964798,0.385987526885302,0.5705201982888993,0.9013679295217946
synthetic_B_Phrase; Exact_dispersion_n10_28,13,0.24357207634206873,0.4506741953091296,0.3821136625481139,0.5483155631184814,16008.0,29051.801596458696,74000.0,41.1,23.838833864096625,72.4,0.7072272,0.4869632599709756,1.5061574,13,0,10,10,0.0,0.5,0.5,,,,,,,,,,22742.85714285714,32473.18221648913,74000.0,37.142857142857146,27.497680792743083,73.6,0.7666909999999999,0.5536933834159222,1.5826466000000001,17642.222222222223,30184.08402445007,74000.0,40.55555555555556,25.06928670310484,72.8,0.7403785555555555,0.5024850524974429,1.5316538,,,,,0.21869344476283634,0.4551843428411194,0.3832770267354797,0.5558864839329999,0.1951936844049221,0.47495303451654936,0.37733216695800664,0.5417190938911082
synthetic_B_Phrase; Exact_dispersion_n20_33,24,0.3105378431632954,0.4175350370792022,0.4502201814638971,0.7674537117728626,9986.190476190477,21484.273201840875,22200.0,38.0,22.688364964490166,67.0,0.7847766190476191,0.5738006547942682,1.480661,24,0,20,20,0.0,0.5,0.5,,,,,,,,,,12182.35294117647,23337.04793302644,42920.000000000015,36.23529411764706,24.870321107141304,69.0,0.7475321176470588,0.6060166762574308,1.5826466000000001,10995.263157894737,22348.79565068353,32559.999999999964,41.0,21.606529227600575,68.0,0.8287007894736842,0.5862136981940773,1.5316537999999997,,,,,0.29648237534974486,0.42410221689860117,0.4577296718132257,0.8470782280333312,0.29917355133958107,0.42188679848022337,0.46046322131913325,0.8470782280333312
synthetic_B_Phrase; Exact_semantic_n10_27,11,0.7629540507515467,0.11427787512130268,0.8869681902918741,0.9030442978334712,4025.0,7330.168824795238,12329.999999999996,38.625,17.832116391499916,55.4,0.8333682499999999,0.7545507468069576,2.0158783,11,0,10,10,0.0,0.5,0.5,,,,,,,,,,4474.285714285715,7732.5561420397025,13740.000000000005,37.42857142857143,18.760575249002077,56.2,0.8348885714285714,0.8066372169985103,2.0442784,4025.0,7330.168824795238,12329.999999999996,38.625,17.832116391499916,55.4,0.8333682499999999,0.7545507468069576,2.0158783,,,,,0.7483780770439077,0.12048861898338237,0.8855936902342891,0.9127398747166416,0.7571427154661453,0.11601558615676773,0.8910747841417367,0.9127398747166416
synthetic_B_Phrase; Exact_semantic_n20_32,25,0.6231757862704183,0.2010952780099471,0.7579444970853104,0.9010648298360089,9770.526315789473,22614.909724079265,32559.999999999964,35.421052631578945,18.44569779956886,53.0,0.7765387222222222,0.6154313743312992,1.6320314000000002,25,0,20,20,0.0,0.5,0.5,,,,,,,,,,13175.0,25495.23281769695,58460.00000000006,30.857142857142858,19.275658754194716,52.400000000000006,0.7432231428571427,0.6609615781522789,1.7728924000000004,6551.764705882353,17698.86345147757,13740.000000000005,36.1764705882353,17.971334344769392,53.0,0.7602266249999999,0.626692515281106,1.717359,,,,,0.5938818977593318,0.2162986519918461,0.7528616540295278,0.9013679295217946,0.6325621391904458,0.1931951709184495,0.7817947215621834,0.9013679295217946
synthetic_B_Phrase; Exact_top_conv_n10_26,17,0.538890886045658,0.24766034826623726,0.6906792470202304,0.9009005810710565,13892.307692307691,26315.809566420237,63640.00000000004,41.76923076923077,19.115655469370353,59.400000000000006,0.7621047499999998,0.6412619388332568,1.6926176000000002,17,0,10,10,0.0,0.5,0.5,,,,,,,,,,25585.714285714286,31460.694687245566,74000.0,39.142857142857146,23.551939995487004,65.4,0.5010074285714285,0.5259826751220334,1.0563224000000004,9354.444444444445,22986.260200926365,21280.00000000001,43.77777777777778,19.054178764645346,56.800000000000004,0.9826585,0.6730708474958264,1.8793411999999998,,,,,0.4640068508850572,0.28055148495871335,0.620329873026683,0.8514301932515318,0.5457341958206554,0.2311301955226413,0.7124046584374706,0.911063506404965
synthetic_B_Phrase; Exact_top_conv_n20_31,30,0.4592917020126116,0.3091199004572916,0.5871700496177567,0.9007308292835475,8968.260869565218,20766.488190303968,20720.000000000004,42.52173913043478,16.78474868086422,59.60000000000001,0.851103,0.5547175292949474,1.4764418000000001,30,0,20,20,0.0,0.5,0.5,,,,,,,,,,14452.142857142857,25125.109574337162,58460.00000000006,41.0,20.03568245477482,65.2,0.7083751428571429,0.5161566686152369,1.4680034,11694.117647058823,23530.63511525636,42920.000000000015,43.411764705882355,18.172567637317297,63.400000000000006,0.9054903125,0.5966831942855771,1.587047,,,,,0.4284015145109868,0.3239959772426754,0.5432611641836587,0.8542127922277104,0.4742532092257774,0.2925110963675306,0.6163508643637973,0.9007600384185585
synthetic_B_Phrase; Exact_top_conv_n40_36,45,0.4215074980759487,0.34093787318168844,0.5620117337874774,0.8854492907767448,10076.052631578947,21453.67218468102,33690.00000000016,38.83783783783784,21.894727877700795,65.4,0.8394350833333334,0.5374260487785156,1.4923505000000001,45,0,40,40,0.0,0.5,0.5,,,,,,,,,,9606.969696969696,21049.59129882494,21380.000000000004,36.125,22.14123697989794,60.7,0.83735896875,0.5688294698714899,1.5017021000000002,11414.848484848484,22709.36359024649,52840.00000000003,39.15625,22.010096227356662,64.60000000000001,0.8654392903225806,0.5495453059319303,1.50404,,,,,0.4086650857279899,0.34927082547077337,0.5620542471098453,0.87994528511464,0.4380844753088175,0.3275921152865976,0.5707114777380997,0.87994528511464
synthetic_USA_Broad_allowlist_n10_37,10,0.5087022927446639,0.25311844080289164,0.6395349997511124,0.9013679295217946,10383.75,24185.286817350338,27869.99999999999,37.25,19.233759382918358,56.599999999999994,0.5665321249999999,0.45506978851667285,0.9143387999999999,10,10,0,0,1.0,0.0,0.0,10383.75,24185.286817350338,27869.99999999999,37.25,19.233759382918358,56.599999999999994,0.5665321249999999,0.45506978851667285,0.9143387999999999,,,,,,,,,,,,,,,,,,,0.5087022927446639,0.25311844080289164,0.6395349997511124,0.9013679295217946,,,,,,,,
synthetic_USA_Broad_allowlist_n20_39,20,0.49133826313722057,0.2811318966744166,0.6629670758308734,0.9013679295217946,10578.823529411764,23464.582041464597,38480.00000000002,36.35294117647059,18.84594253872728,53.0,0.9679279999999999,0.6517981323649757,1.8136462,20,20,0,0,1.0,0.0,0.0,10578.823529411764,23464.582041464597,38480.00000000002,36.35294117647059,18.84594253872728,53.0,0.9679279999999999,0.6517981323649757,1.8136462,,,,,,,,,,,,,,,,,,,0.49133826313722057,0.2811318966744166,0.6629670758308734,0.9013679295217946,,,,,,,,
synthetic_USA_Broad_allowlist_n40_41,40,0.4507591407595725,0.3184648488601486,0.58285827915037,0.8909385648625584,10718.787878787878,22719.103396411196,52020.00000000003,36.90625,20.936450533399878,57.60000000000001,0.8402805312499999,0.5390465058452161,1.4974829000000003,40,40,0,0,1.0,0.0,0.0,10718.787878787878,22719.103396411196,52020.00000000003,36.90625,20.936450533399878,57.60000000000001,0.8402805312499999,0.5390465058452161,1.4974829000000003,,,,,,,,,,,,,,,,,,,0.4507591407595725,0.3184648488601486,0.58285827915037,0.8909385648625584,,,,,,,,
synthetic_USA_Broad_top_conv_n10_38,10,0.505258044333272,0.2551965092063174,0.6338434547125955,0.8810782022216024,10388.75,24183.17878066281,27869.99999999999,38.125,19.179660450591925,56.599999999999994,0.75612825,0.6331207156261256,1.7941409,10,10,0,0,1.0,0.0,0.0,10388.75,24183.17878066281,27869.99999999999,38.125,19.179660450591925,56.599999999999994,0.75612825,0.6331207156261256,1.7941409,,,,,,,,,,,,,,,,,,,0.505258044333272,0.2551965092063174,0.6338434547125955,0.8810782022216024,,,,,,,,
synthetic_USA_Broad_top_conv_n20_40,20,0.4706247560241395,0.2949514071913041,0.6474841645815708,0.8909854124133911,10957.058823529413,23345.270024695612,38480.00000000002,34.64705882352941,20.3265725141503,53.0,0.9832928235294117,0.6415553303137833,1.8136462,20,20,0,0,1.0,0.0,0.0,10957.058823529413,23345.270024695612,38480.00000000002,34.64705882352941,20.3265725141503,53.0,0.9832928235294117,0.6415553303137833,1.8136462,,,,,,,,,,,,,,,,,,,0.4706247560241395,0.2949514071913041,0.6474841645815708,0.8909854124133911,,,,,,,,
synthetic_USA_Broad_top_conv_n40_42,40,0.43653728243493706,0.32871477718281256,0.5718724954731634,0.87994528511464,10715.757575757576,22720.516830216242,52020.00000000003,38.25,21.99573822357413,64.30000000000001,0.841169125,0.5383659265524443,1.4974829000000003,40,40,0,0,1.0,0.0,0.0,10715.757575757576,22720.516830216242,52020.00000000003,38.25,21.99573822357413,64.30000000000001,0.841169125,0.5383659265524443,1.4974829000000003,,,,,,,,,,,,,,,,,,,0.43653728243493706,0.32871477718281256,0.5718724954731634,0.87994528511464,,,,,,,,
synthetic_USA_Phrase; Exact_allowlist_n10_43,12,0.5224558156610566,0.2501659087808364,0.7203348057887182,0.9000487492690903,10487.0,21647.871511998586,20719.999999999978,32.3,20.050187031546614,53.0,1.2105567000000002,0.6560477236976057,1.9590780999999997,12,0,10,10,0.0,0.5,0.5,,,,,,,,,,11640.0,22525.680653176474,26640.00000000001,30.22222222222222,20.087463076244997,53.0,1.0989875555555555,0.5947637718177811,1.5893676,11218.75,23874.80336960914,27869.99999999999,31.0,20.83266665599966,51.6,1.301508875,0.6396118694682028,2.0158783,,,,,0.49788087339376025,0.2596671113256529,0.6765173118817224,0.8909854124133911,0.5379180398817036,0.23571848387390357,0.7474284949084582,0.911063506404965
synthetic_USA_Phrase; Exact_allowlist_n20_48,23,0.46402601918875314,0.30191029534567143,0.6280783467013245,0.8876508930415868,10958.823529411764,23344.20620457674,38480.00000000002,32.76470588235294,19.69929652898865,53.0,0.929727588235294,0.6180661570348996,1.6746952000000002,23,0,20,20,0.0,0.5,0.5,,,,,,,,,,12395.333333333334,24496.350984494722,50319.99999999998,30.133333333333333,19.510225239317176,51.8,0.8501335999999999,0.5621198816497894,1.4778116,11231.25,24036.426230567224,44400.0,34.5625,18.904261259038925,53.0,0.945641125,0.6337002795377593,1.717359,,,,,0.460368683416449,0.3018952447918505,0.6141495452765943,0.8531090842557589,0.47351559457927156,0.2930064958934248,0.6377963665472639,0.8909854124133911
synthetic_USA_Phrase; Exact_allowlist_n40_53,45,0.43647936538800125,0.3299238504798006,0.5870570002631249,0.896368912643207,9556.756756756757,21803.188590768474,37519.99999999994,38.388888888888886,20.703297882460095,63.5,0.8096146857142857,0.5408095584307326,1.4946884,45,0,40,40,0.0,0.5,0.5,,,,,,,,,,11019.0625,23104.438069256168,56670.00000000008,37.03225806451613,21.91844689424831,66.0,0.8090855161290323,0.5656148226747695,1.50404,8611.176470588236,20854.369518824624,19979.999999999993,38.6764705882353,19.7539580370995,58.89999999999999,0.8254487272727272,0.5511749763715128,1.4993642,,,,,0.4109740553187634,0.3475433317572044,0.5703935923587625,0.8909562032783802,0.4399762075523386,0.3262219932632243,0.5977611686083857,0.9007308292835475
synthetic_USA_Phrase; Exact_composite_n10_47,12,0.3811811229927473,0.3421631184388974,0.643669527832735,0.9028580346877293,10538.181818181818,21053.774793557834,22200.0,29.272727272727273,24.69851268650847,61.0,0.6034246363636364,0.5474625859879331,0.717658,12,0,10,10,0.0,0.5,0.5,,,,,,,,,,12844.444444444445,22638.67836302931,32560.000000000007,27.77777777777778,26.13970066043764,64.0,0.4117037777777778,0.19912760826653503,0.6760898,12143.333333333334,22917.135752774844,32560.000000000007,30.11111111111111,25.278205124592755,64.0,0.6000223333333333,0.6046062641098657,1.0170622000000002,,,,,0.34771138917039107,0.3573957281093855,0.58231446923017,0.9013679295217946,0.405972264811324,0.31781597913112397,0.6731794030329439,0.9127398747166416
synthetic_USA_Phrase; Exact_composite_n20_52,24,0.34809494588075335,0.38741722480318624,0.5672601433680383,0.9010940389710198,12357.272727272728,24972.86949358847,68820.00000000012,33.40909090909091,23.084152554805943,60.30000000000001,0.7731461363636364,0.6044568817293223,1.7101286000000004,24,0,20,20,0.0,0.5,0.5,,,,,,,,,,10945.0,22909.285174841712,37740.00000000004,30.0,22.427661492005804,55.400000000000006,0.658391611111111,0.50712665288873,1.4275065,13933.157894736842,26504.60675998392,74000.0,36.31578947368421,22.482865128286726,63.19999999999999,0.7388214736842104,0.5849114238060115,1.5316537999999997,,,,,0.36913232172087745,0.3670105011664352,0.5875101909320317,0.9009187841609542,0.34371489169909636,0.38638029113064315,0.5738757824730452,0.9013679295217946
synthetic_USA_Phrase; Exact_dispersion_n10_46,12,0.22008295602035194,0.46607487133719955,0.38477450508100025,0.5876196983152429,16538.0,28826.113092125343,74000.0,36.9,26.1895017134729,72.4,0.7338518,0.47710113396193055,1.5061574,12,0,10,10,0.0,0.5,0.5,,,,,,,,,,20566.25,30944.146432524198,74000.0,33.125,28.019803264833964,73.2,0.77443025,0.5083864657292594,1.5571502,17642.222222222223,30184.08402445007,74000.0,40.55555555555556,25.06928670310484,72.8,0.7403785555555555,0.5024850524974429,1.5316538,,,,,0.1953476237355694,0.4748211148942086,0.3881440946017284,0.5936164646806622,0.1951936844049221,0.47495303451654936,0.37733216695800664,0.5417190938911082
synthetic_USA_Phrase; Exact_dispersion_n20_51,23,0.2959445276052759,0.4285495339930541,0.4512316248662338,0.7919913861432886,10292.380952380952,21387.795564128868,22200.0,35.95238095238095,23.701469093459345,67.0,0.7881888571428571,0.5729246258647098,1.480661,23,0,20,20,0.0,0.5,0.5,,,,,,,,,,11867.777777777777,22717.861439736393,37740.00000000004,34.22222222222222,25.143047538159987,68.5,0.6517131666666666,0.46934390643349144,1.4511266,11011.578947368422,22340.99848476784,32559.999999999964,39.473684210526315,22.14632777222928,68.0,0.8163703684210526,0.5932436114787397,1.5316537999999997,,,,,0.27743503322576546,0.4400327852781404,0.4297684900623021,0.6202276655503088,0.2969422827413214,0.4237230105208932,0.4543864213999833,0.8470782280333312
synthetic_USA_Phrase; Exact_semantic_n10_45,13,0.7500999750078936,0.12288937194234946,0.8715122030385819,0.9026717715419875,3613.3333333333335,7008.350574691437,10920.000000000004,39.666666666666664,17.068489485989478,54.6,0.885833,0.7267093439700175,1.9874782,13,0,10,10,0.0,0.5,0.5,,,,,,,,,,4504.285714285715,7715.95537486699,13740.000000000005,37.0,18.477785890862883,56.2,0.7050131428571429,0.6272699698119117,1.5556018000000003,4025.0,7330.168824795238,12329.999999999996,38.625,17.832116391499916,55.4,0.8333682499999999,0.7545507468069576,2.0158783,,,,,0.7601943871763589,0.11446346859265488,0.8550100897986447,0.9013679295217946,0.7571427154661453,0.11601558615676773,0.8910747841417367,0.9127398747166416
synthetic_USA_Phrase; Exact_semantic_n20_50,26,0.610789315783655,0.20895072373290072,0.7516153269223145,0.901035620700998,9612.0,22053.115788931053,27380.000000000073,33.85,19.238697980892574,53.0,0.7712004210526315,0.5994449234307313,1.5893675999999997,26,0,20,20,0.0,0.5,0.5,,,,,,,,,,12743.333333333334,24681.881523813285,53279.999999999985,29.2,19.943921379708655,53.0,0.6913064,0.5473604480214477,1.4643144,11308.75,24322.590804383894,48100.0,36.9375,17.89367468548593,53.0,0.8491944666666666,0.6501369227084263,1.7600227999999998,,,,,0.5797702510787779,0.22489888496836175,0.7264716823955799,0.9009187841609542,0.6527488863077024,0.18139665161283403,0.7862045358609777,0.9013679295217946
synthetic_USA_Phrase; Exact_top_conv_n10_44,17,0.6251028092059236,0.19554019047973675,0.7295525242834171,0.8941967735309475,12517.5,27496.708628791675,66688.00000000003,39.583333333333336,15.713361264294226,52.8,1.017138909090909,0.632209644159774,1.930678,17,0,10,10,0.0,0.5,0.5,,,,,,,,,,24801.666666666668,34788.53135573401,74000.0,30.0,17.4451521441727,50.0,0.8007886666666666,0.6462173062548094,1.6677019999999998,222.5,267.14930282521794,487.9999999999999,47.75,3.665719574653795,51.6,1.2739897142857142,0.5547247054398667,2.0442784,,,,,0.5828059062999382,0.20973085871434677,0.6934005599371154,0.8531090842557588,0.6868848001844131,0.15253535757279119,0.7632421827964035,0.9106418784474707
synthetic_USA_Phrase; Exact_top_conv_n20_49,31,0.5016539168436175,0.28046570829181655,0.648976577234979,0.9007131908677257,10168.0,23791.235697205808,50320.00000000009,40.04,19.048317511003432,53.6,0.8434164583333335,0.585532433687564,1.6661494999999997,31,0,20,20,0.0,0.5,0.5,,,,,,,,,,12731.42857142857,25338.92174308214,56240.00000000006,31.285714285714285,18.918730595548393,53.0,0.8081304285714286,0.5667638455295007,1.4843687,4811.25,17865.882945925176,735.0,48.1875,12.76332024788221,62.5,0.9808420666666666,0.6045605623110025,1.8526567999999999,,,,,0.5165434942356696,0.26466584499126133,0.6533162290906422,0.87994528511464,0.5519365704150829,0.2421479419485535,0.6738534463209009,0.9009463015643002
synthetic_USA_Phrase; Exact_top_conv_n40_54,44,0.445901275639591,0.322877833426929,0.5870294800739887,0.8865500919091659,10163.243243243243,21745.277841414034,37519.99999999994,38.80555555555556,21.239140289731917,63.0,0.7954785142857144,0.5372611010521193,1.4778116000000001,44,0,40,40,0.0,0.5,0.5,,,,,,,,,,10699.09090909091,22728.13892894783,52020.00000000003,37.59375,21.948603849390967,64.30000000000001,0.843569625,0.5361337787355847,1.4974829000000003,9277.941176470587,20814.671265213216,20969.999999999996,38.39393939393939,21.59115895655525,60.400000000000006,0.8196488749999999,0.554004217280527,1.4974829000000003,,,,,0.4374583665574846,0.3280462014452158,0.5738240909764938,0.87994528511464,0.439951766935234,0.32623967706571966,0.5919042986452551,0.8909385648625584
