keyword_set_id,n_positive,embed_cohesion,embed_dispersion,embed_course_sim_mean,embed_course_sim_p90,last_month_searches_mean,competition_index_mean,bid_low_mean,num_unique_keywords
ks_0001,9,0.4527707810258968,0.28335920603335596,0.5705967125855469,0.8836844467524695,10196.25,38.5,0.561358375,9.0
ks_0002,9,0.39711510122829335,0.3187494497605416,0.5363948117560199,0.8836844467524695,10193.75,38.57142857142857,0.5856528571428571,9.0
ks_0003,9,0.40980817883864257,0.31051827590922176,0.5250275494482908,0.8163600464475709,10175.0,39.285714285714285,0.5824225714285713,9.0
ks_0004,101,0.35913236069360677,0.39545257849863735,0.47182337273934993,0.8410667348841399,9777.333333333334,37.157303370786515,0.8279438414634147,101.0
ks_0005,106,0.3565585816586248,0.39781333150156445,0.4672000387372005,0.8434844933386958,9666.91489361702,37.225806451612904,0.8521947816091954,106.0
ks_0006,46,0.4201340776575952,0.3421703422794268,0.565600110905532,0.8773646459988145,13306.0,40.325,0.8261465277777778,46.0
ks_0007,114,0.3489851073274571,0.40443659927801645,0.46211673523156305,0.8360686742770705,8916.078431372549,36.12,0.916770375,114.0
ks_0008,57,0.3938818086747506,0.36398470053553833,0.5032092291150201,0.8472879016801441,5291.836734693878,40.93877551020408,0.8372529772727272,57.0
ks_0009,10,0.42936688583843324,0.3025545202288604,0.5628292242868088,0.8812644653673443,9063.333333333334,38.5,0.561358375,10.0
ks_0010,115,0.349578122863454,0.4039849286535239,0.46301593374467825,0.8223682098598628,5973.300970873786,35.5,0.8637095494505496,115.0
ks_0011,14,0.4936950052846571,0.2720854117666905,0.6421732173597489,0.9017261031193711,6372.5,45.583333333333336,0.9175301818181818,14.0
ks_0012,102,0.40063127197246157,0.3624206433929526,0.5382916248801588,0.8685574396318702,6390.322580645161,36.888888888888886,0.7583506891891891,102.0
ks_0013,19,0.4125165982671027,0.3340895125436571,0.5485248847538028,0.798981652875496,7100.625,38.8,0.5377664285714286,19.0
ks_0014,15,0.5705570944095875,0.22592854241523655,0.6601512145781773,0.8854492907767448,9040.0,37.81818181818182,0.9459232999999999,15.0
ks_0015,22,0.5004665240432801,0.2766932938712822,0.6413213000019655,0.8887516941740078,9585.555555555555,36.388888888888886,1.038640294117647,22.0
ks_0016,97,0.38235420092009265,0.37652451260407444,0.5065473044224181,0.8515599230566321,6903.103448275862,35.50617283950617,0.7283453333333334,97.0
ks_0017,24,0.3208856355795458,0.4090837052261833,0.44270125406767175,0.8252848291308984,10318.095238095239,38.04761904761905,0.6448191666666667,24.0
ks_0018,6,0.5186141596507347,0.2261491532338217,0.5841723675379769,0.8623733678877354,25503.333333333332,31.0,1.3597469999999998,6.0
ks_0019,18,0.5389298658620285,0.24863798784298716,0.6791694227396549,0.8932512466273159,7909.2307692307695,34.84615384615385,0.9923144615384616,18.0
ks_0020,39,0.5240953284569175,0.2676762926538751,0.6578054174259482,0.899062890536055,2491.764705882353,44.57142857142857,0.8162596315789474,39.0
ks_0021,18,0.5442791721573443,0.24528349963388804,0.6716174327507382,0.9014125229574493,5184.0,46.666666666666664,0.9044280833333332,18.0
ks_0022,7,0.4042100521922912,0.30048380870939984,0.5984369468389833,0.9094159164828144,12510.0,52.333333333333336,1.2181556666666666,7.0
ks_0023,14,0.5569197464263181,0.23281792515351293,0.7135702554555791,0.8977829150551655,10914.444444444445,35.333333333333336,1.155102,14.0
ks_0024,14,0.5763012832479544,0.22117686391574484,0.7292352068370395,0.8977829150551655,9987.777777777777,34.77777777777778,0.9507102222222221,14.0
ks_0025,22,0.4968372407561374,0.2790920479937954,0.6459256739983263,0.8887516941740078,10633.125,35.1875,1.0147978125,22.0
synthetic_A_Broad_top_1,10,0.4740922811991734,0.2742706750600438,0.585224755655269,0.8812644653673443,10196.25,38.5,0.561358375,
synthetic_A_Broad_semantic_2,9,0.5102607779685387,0.24855056917870869,0.6243908560705176,0.8836844467524695,1081.4285714285713,33.714285714285715,0.393606,
synthetic_A_Broad_dispersion_3,9,0.4353981204108892,0.29421556932300835,0.5526003413967191,0.8212000092178212,10196.25,38.5,0.561358375,
synthetic_B_Broad_top_4,11,0.4423266153589334,0.2978431829146397,0.5630825084176391,0.878844483982219,9061.111111111111,38.57142857142857,0.5856528571428571,
synthetic_B_Broad_semantic_5,9,0.5128344825929168,0.24702989134658793,0.6225665016953756,0.8836844467524695,135.71428571428572,37.0,0.44445739999999995,
synthetic_B_Broad_dispersion_6,9,0.3788862814122721,0.3307474939833473,0.510909551703227,0.7001905743723607,9061.111111111111,38.57142857142857,0.5856528571428571,
synthetic_C_Broad_top_7,9,0.40980817883864257,0.31051827590922176,0.5250275494482908,0.8163600464475709,10175.0,39.285714285714285,0.5824225714285713,
synthetic_C_Phrase; Exact_top_8,52,0.3436140813550521,0.40314416524453234,0.43726156948550216,0.7647572507400833,11154.255319148937,36.26086956521739,0.6342792142857144,
synthetic_C_Phrase; Exact_semantic_9,30,0.4094328973374479,0.34492865470630646,0.5630990415986841,0.8462146749167172,3738.8888888888887,29.846153846153847,0.36796316666666673,
synthetic_C_Phrase; Exact_dispersion_10,30,0.2646276471036574,0.4622825473673061,0.39771726872034546,0.5463017186685004,6535.666666666667,35.06896551724138,0.6637000384615384,
synthetic_C_Phrase; Exact_composite_11,30,0.2700226673547684,0.45745484509718054,0.4326889512682191,0.7876289049081528,6526.333333333333,34.06896551724138,0.669144653846154,
synthetic_A_Phrase; Exact_top_12,59,0.4092577216783124,0.3524891486117622,0.5711306373954813,0.8707170107223503,4471.923076923077,35.73809523809524,0.7602602564102564,
synthetic_A_Phrase; Exact_semantic_13,30,0.6351600857190711,0.19543712725884949,0.7749595630188548,0.9009187841609542,4665.416666666667,34.05882352941177,0.8035798235294117,
synthetic_A_Phrase; Exact_dispersion_14,30,0.2781582545065379,0.45025492633231623,0.4190011869774221,0.5893089413383722,6625.517241379311,32.15384615384615,0.6339356956521737,
synthetic_A_Phrase; Exact_composite_15,30,0.28028425307187615,0.4483889250854574,0.47127240692775746,0.8320840462121233,6366.333333333333,33.7037037037037,0.756970625,
synthetic_B_Phrase; Exact_top_16,58,0.38413174964733676,0.37170853280057287,0.5438115212137846,0.8992691780775138,11735.849056603774,36.411764705882355,0.7343664347826087,
synthetic_B_Phrase; Exact_semantic_17,30,0.5737332089669407,0.23322617285157507,0.7378871379774548,0.9013679295217946,7144.074074074074,34.4,0.6345014800000001,
synthetic_B_Phrase; Exact_dispersion_18,30,0.26703485720400433,0.4601231356786459,0.4208625224597775,0.5893089413383722,16797.666666666668,33.3,0.6288885,
synthetic_B_Phrase; Exact_composite_19,30,0.27330118083686517,0.4545419587100409,0.46868768744963574,0.8274978194605197,16779.666666666668,33.310344827586206,0.727779653846154,
synthetic_USA_Broad_top_20,12,0.466312709756262,0.28530660377440364,0.5828872108048283,0.871033929290388,8157.0,38.5,0.561358375,
synthetic_USA_Broad_semantic_21,10,0.5413494814203484,0.23370075474604501,0.640383745232229,0.8812644653673443,121.25,37.166666666666664,0.43559733333333334,
synthetic_USA_Broad_dispersion_22,10,0.4093986556162958,0.31555950583465825,0.5315063108611812,0.7354938587378381,9061.111111111111,38.57142857142857,0.5856528571428571,
synthetic_USA_Broad_composite_23,10,0.4102254697774382,0.3150161149353042,0.5398924902392952,0.810969473140865,8157.0,38.5,0.561358375,
synthetic_USA_Phrase; Exact_top_24,55,0.3796430151814643,0.37476225874791813,0.5556602904086442,0.8854492907767448,4969.166666666667,32.23255813953488,0.7405926410256409,
synthetic_USA_Phrase; Exact_semantic_25,30,0.5603529015298141,0.24170730927257575,0.7240614477357354,0.9009187841609542,4677.2,34.76190476190476,0.7026322380952381,
synthetic_USA_Phrase; Exact_dispersion_26,30,0.2696659913040124,0.4577726876489337,0.4274618157557996,0.5646518741287433,6665.862068965517,28.642857142857142,0.7438082083333332,
synthetic_USA_Phrase; Exact_composite_27,30,0.2742356581198,0.45371454087807944,0.4722654781114259,0.8274978194605197,6612.758620689655,30.88888888888889,0.8798988695652173,
