Keyword,Origin
ai project management courses,existing
alpha,existing
architecture software courses online,existing
barry richmond systems thinking,existing
best course on critical thinking,existing
best course on system design,existing
best courses for project management,existing
best critical thinking courses,existing
best online certificate programs for project management,existing
best product management certification,existing
best project management certification,existing
best software architect certification,existing
best system design course,existing
best systems thinking courses,existing
beta,existing
books for system design,existing
brand management courses,existing
business administration certifications,existing
business courses online with certificates,existing
business management course,existing
business systems course,existing
business systems courses,existing
business systems design,existing
capm certification,existing
carnegie mellon software architecture certification,existing
certificate course on business management,existing
certificate for project,existing
certificate in systems engineering,existing
certificate in systems thinking,existing
certificate programs online,existing
class central,existing
class central certificate,existing
class central certificates,existing
cmu software architecture,existing
coding classes online,existing
coding course,existing
coding courses,existing
coding courses online,existing
complex adaptive systems training,existing
complex problem solving,existing
complex problem solving course,existing
complex systems course online,existing
complex systems mit,existing
computer course,existing
computer courses,existing
computer courses online,existing
computer science certificate programs,existing
computer technology course,existing
construction management certificate,existing
construction management courses,existing
construction management diploma online,existing
cost engineer certification,existing
course on systems thinking,existing
coursera certificate,existing
coursera edx,existing
coursera project management,existing
courses on systems thinking,existing
critical thinking and problem solving,existing
critical thinking and problem solving course,existing
critical thinking certification,existing
critical thinking class,existing
critical thinking com,existing
critical thinking short course,existing
critical thinking skills,existing
cs50,existing
cs50 edx,existing
delta,existing
designing distributed systems,existing
devops course,existing
digiskills,existing
digital project manager certification,existing
donella h meadows thinking in systems,existing
dynamic models,existing
e learning lms,existing
edx,existing
edx course,existing
edx cs50x,existing
edx learning platform,existing
edx website,existing
engineering courses online,existing
engineering management mit,existing
engineering manager course,existing
engineering problem solving,existing
enterprise application architecture,existing
enterprise architecture certification,existing
erp system certification,existing
ethio coders et certification online,existing
free project management courses with certificates,existing
gamma,existing
global it certifications,existing
google certificate courses,existing
google certification courses,existing
google it support professional certificate,existing
grow google certificate,existing
grow google certificates cybersecurity,existing
harvardx,existing
high certificate in business management,existing
how to be a software developer,existing
how to be good at problem solving,existing
how to become a better strategist,existing
how to become a systems engineer without a degree,existing
how to design a scalable system,existing
how to develop problem solving skills,existing
how to develop problem solving skills in the workplace,existing
how to do csm certification,existing
how to get into product management,existing
how to improve critical thinking,existing
how to improve logical thinking skills,existing
how to learn system design,existing
how to learn tech skills,existing
how to learn to think strategically,existing
how to solve algorithm problems,existing
how to train problem solving skills,existing
https www edx org,existing
human centered systems thinking,existing
ibm skill build,existing
iceberg model of systems thinking,existing
improve critical thinking,existing
improve problem solving skills,existing
information architecture certification,existing
information architecture courses,existing
infrastructure architect course,existing
institute of project management certification,existing
introduction to systems engineering,existing
introduction to systems thinking,existing
it academy courses,existing
it course,existing
it courses online south africa,existing
it project management methodologies,existing
it short courses,existing
it specialist training,existing
lean manufacturing online course,existing
learn problem solving,existing
learn product management,existing
learn project management,existing
learn software architecture,existing
learn system architecture,existing
learn system thinking,existing
learn systems thinking,existing
learn the latest tech skills,existing
learning system design,existing
learnvern,existing
lms,existing
lms le,existing
lms learning program,existing
lms training program,existing
logical thinking training,existing
logistics certificate,existing
logistics certification,existing
logistics course,existing
logistics management,existing
logistics management training,existing
logistics online course,existing
logistics simulation,existing
logistics training,existing
meta ios developer professional certificate,existing
micromasters,existing
microsoft courses,existing
microsoft courses with certificate,existing
mind luster,existing
mindluster com,existing
mit cs courses,existing
mit deep learning course,existing
mit intro to deep learning,existing
mit mites,existing
mit project management,existing
mit project management certificate,existing
mit project management course,existing
mit sloan system dynamics,existing
mit system dynamics course,existing
mit system dynamics group,existing
mit systems thinking,existing
mit systems thinking course,existing
mit systems thinking course online,existing
mit think scholars program,existing
mit xpro project management,existing
mit xpro systems thinking,existing
modeling complex systems,existing
monitoring and evaluation course,existing
mooc gestion de projet,existing
moocs courses,existing
mostec summer program,existing
mygreatlearning,existing
network models,existing
online ai courses with certificate,existing
online certificate,existing
online class with certificate,existing
online classes for it jobs,existing
online computer courses certificate,existing
online computer science courses,existing
online it courses with certificate,existing
online short courses with certificate,existing
online system thinking course,existing
online tech courses with certificates,existing
online technology courses,existing
open course ware,existing
open moocs,existing
open university systems thinking,existing
opencourseware ocw,existing
operation management certificate,existing
operations management certificate,existing
organizational design course,existing
paksoft skill certificate,existing
pega system architect,existing
phd systems thinking,existing
pmm course,existing
pmp certification,existing
pmp certifications,existing
pmp online course,existing
pmp training,existing
prince 2 certificate,existing
problem solving course,existing
process modeling in system analysis and design,existing
product development courses,existing
product management bootcamps,existing
product management certificate,existing
product management certification,existing
product management course,existing
product management courses,existing
product management online course,existing
product management program,existing
product management qualification,existing
product management simulation,existing
product management training,existing
product manager certificate,existing
program management certification,existing
project finance certification,existing
project management,existing
project management cert,existing
project management certificate,existing
project management certification,existing
project management certification courses free,existing
project management course,existing
project management maturity model,existing
project management methodologies,existing
project management online course,existing
project management professional certification,existing
project management professional online course,existing
project management professional pmp,existing
project management program,existing
project management simulation,existing
project management study,existing
project management techniques,existing
project management training,existing
project manager course,existing
retail management short courses,existing
scrum master certification,existing
short management courses,existing
simplify complex problems,existing
simplify complex processes,existing
skills for a project manager,existing
soft skills training,existing
software architecture course,existing
software development certificate,existing
sololearn,existing
solve complex problems,existing
stanford product management course,existing
strategic thinking,existing
strategic thinking in complex problem solving,existing
strategic thinking workshop,existing
supply chain logistics certificate,existing
supply chain logistics online course,existing
sysml,existing
system analysis and design,existing
system analysis and design course,existing
system architecture certification,existing
system architecture course,existing
system architecture program,existing
system design,existing
system design and architecture,existing
system design beginner,existing
system design books,existing
system design certification,existing
system design certification course,existing
system design courses,existing
system design masterclass,existing
system design mit,existing
system design program,existing
system design thinking course,existing
system development,existing
system dynamics,existing
system dynamics certificate,existing
system dynamics course,existing
system dynamics course online,existing
system dynamics modeling examples,existing
system dynamics modeling tools for learning in a complex world,existing
system dynamics online course,existing
system dynamics tools,existing
system dynamics training,existing
system emergence,existing
system engineering,existing
system engineering courses,existing
system engineering online course,existing
system modeling course,existing
system models,existing
system performance,existing
system think,existing
system thinking certification,existing
system thinking course,existing
system thinking definition,existing
system thinking leadership,existing
system thinking simulation,existing
system thinking training,existing
systems course,existing
systems design course,existing
systems design courses,existing
systems design engineering,existing
systems dynamic method,existing
systems engineering course,existing
systems engineering process steps,existing
systems theory course,existing
systems thinking and system dynamics,existing
systems thinking approach,existing
systems thinking certificate,existing
systems thinking certification,existing
systems thinking course,existing
systems thinking course online,existing
systems thinking course syllabus,existing
systems thinking coursera,existing
systems thinking courses,existing
systems thinking education,existing
systems thinking for business leaders,existing
systems thinking for engineers,existing
systems thinking for managers,existing
systems thinking for project managers,existing
systems thinking for social change,existing
systems thinking in business,existing
systems thinking in healthcare,existing
systems thinking leadership,existing
systems thinking mit,existing
systems thinking online certificate,existing
systems thinking online course,existing
systems thinking pdf,existing
systems thinking process improvement,existing
systems thinking professional certificate,existing
systems thinking professional certificate mit,existing
systems thinking program mit xpro,existing
systems thinking research,existing
systems thinking short course,existing
tech short courses,existing
tech skills to learn,existing
technical problem solving,existing
technical product management,existing
technical product manager training,existing
technical program management,existing
technical project management,existing
technical project management courses,existing
technical project manager training,existing
the iceberg model of systems thinking,existing
the systems thinker,existing
think in systems,existing
thinking in systems a primer,existing
thinking in systems course,existing
thinking in systems donella meadows,existing
thinking in systems pdf,existing
togaf course,existing
udemy coursera,existing
waters center for systems thinking,existing
web designing free course with certificate,existing
what is system engineering,existing
what is system thinking,existing
what is systems thinking,existing
www coursera org,existing
