Broad,Phrase,Exact
project management methodologies,ai project management courses,best critical thinking courses
system design certification,architecture software courses online,best systems thinking courses
system dynamics course,best courses for project management,business systems course
systems thinking certificate,best project management certification,complex adaptive systems training
systems thinking course,best system design course,complex systems course online
,business systems courses,how to learn to think strategically
,business systems design,introduction to systems thinking
,certificate course on business management,mit system dynamics course
,complex systems course online,mit systems thinking
,complex systems mit,mit systems thinking course
,construction management courses,mit systems thinking course online
,critical thinking and problem solving,mit xpro systems thinking
,critical thinking certification,project management cert
,critical thinking class,software architecture course
,designing distributed systems,system design certification
,engineering management mit,system dynamics certificate
,enterprise architecture certification,system dynamics course
,how to develop problem solving skills,system engineering online course
,how to get into product management,system thinking course
,how to learn to think strategically,system thinking leadership
,how to train problem solving skills,systems thinking and system dynamics
,information architecture courses,systems thinking certificate
,institute of project management certification,systems thinking course
,introduction to systems thinking,systems thinking education
,lean manufacturing online course,systems thinking for engineers
,learn product management,systems thinking for managers
,learn software architecture,systems thinking for project managers
,learn system architecture,systems thinking mit
,learning system design,systems thinking online course
,lms learning program,systems thinking professional certificate
,logical thinking training,systems thinking program mit xpro
,mit project management,thinking in systems course
,mit system dynamics group,
,mit systems thinking,
,mit xpro project management,
,modeling complex systems,
,open university systems thinking,
,pega system architect,
,phd systems thinking,
,pmp certification,
,pmp training,
,product development courses,
,product management courses,
,project management cert,
,project management online course,
,project management program,
,project management techniques,
,project management training,
,project manager course,
,scrum master certification,
,solve complex problems,
,sysml,
,system analysis and design course,
,system architecture course,
,system design,
,system design and architecture,
,system design certification,
,system design mit,
,system dynamics course,
,system dynamics course online,
,system engineering online course,
,system modeling course,
,system thinking training,
,systems design engineering,
,systems thinking and system dynamics,
,systems thinking certificate,
,systems thinking certification,
,systems thinking course,
,systems thinking course online,
,systems thinking coursera,
,systems thinking courses,
,systems thinking education,
,systems thinking for engineers,
,systems thinking for managers,
,systems thinking in business,
,systems thinking mit,
,systems thinking online certificate,
,systems thinking online course,
,systems thinking process improvement,
,systems thinking short course,
,technical project management,
,the systems thinker,
,thinking in systems a primer,
,thinking in systems course,
,waters center for systems thinking,
,what is system thinking,
