actual_budget,actual_keyword_set_id,actual_model_lift,actual_model_lift_raw,campaign_budget,daily_budget,f_plan_level,f_zero,keyword_set_id,observed_clicks,observed_conv_scaled_clicks,pred_lift,pred_lift_raw,region,row_kind,segment
90.91,ks_0015,,,,13.52,1.8516707494283646,0.0,synthetic_A_Broad_semantic_2,33,1.0163076586752167,1.8516707494283646,1.8516707494283646,A,plan,A / Broad
90.91,ks_0015,,,,146.0900005740861,6.897500250465571,0.0,synthetic_A_Phrase; Exact_dispersion_9,33,1.0163076586752167,6.897500250465571,6.897500250465571,A,plan,A / Phrase; Exact
36.36,ks_0019,,,,12.34,0.5313099818598241,0.0,synthetic_B_Broad_top_4,39,0.6929049699617695,0.5313099818598241,0.5313099818598241,B,plan,B / Broad
36.36,ks_0019,,,,35.709998851827756,2.658851650920528,0.0,synthetic_B_Phrase; Exact_top_11,39,0.6929049699617695,2.658851650920528,2.658851650920528,B,plan,B / Phrase; Exact
240.0,ks_0025,,,,35.709998851827706,1.6234737951651428,0.0,synthetic_USA_Broad_semantic_16,28,0.6118630904000723,1.6234737951651428,1.6234737951651428,USA,plan,USA / Broad
240.0,ks_0025,,,,123.90000172225841,6.75202067041271,0.0,synthetic_USA_Phrase; Exact_dispersion_21,28,0.6118630904000723,6.752020670412709,6.752020670412709,USA,plan,USA / Phrase; Exact
90.91,ks_0015,0.39040350278287894,0.39040350278287894,90.91,90.91,0.39040350278287905,0.0,ks_0015,33,1.0163076586752167,,,,market,A / Phrase; Exact
36.36,ks_0019,1.0606889465291018,1.0606889465291018,36.36,36.36,1.0606889465291018,0.0,ks_0019,39,0.6929049699617695,,,,market,B / Phrase; Exact
240.0,ks_0025,0.9662571722082289,0.9662571722082289,240.0,240.0,0.9662571722082289,0.0,ks_0025,28,0.6118630904000723,,,,market,USA / Phrase; Exact
